{
"modelGroups": {
	"LocalPlayer": {
		"elements": [
			{
				"objectName": "LocalPlayerObjectName",
				"instanceData": [
					{
						"translation": {
							"x": 0,
							"y": 11,
							"z": -5
						}
					}
				]
			}
		]
	},
	"InstancedModelMeshes": {
		"elements": [
			{
				"instanceData": [
					{
						"translation": {
							"y": 4,
							"z": -5
						}
					},
					{
						"translation": {
							"x": -2,
							"y": 4,
							"z": -5
						}
					},
					{
						"translation": {
							"x": -4,
							"y": 4,
							"z": -5
						}
					},
					{
						"translation": {
							"y": 6,
							"z": -5
						}
					},
					{
						"translation": {
							"x": -2,
							"y": 6,
							"z": -5
						}
					},
					{
						"translation": {
							"x": -4,
							"y": 6,
							"z": -5
						}
					}
				],
				"objectName": "Crate.000",
				"mass": 0.1,
				"meshShape": "btBoxShape"
			}
		],
		"modelName": "StaticObjects"
	},
	"UserModelGroup": {
		"elements": [
			{
				"objectName": "skySphere",
				"scale": {
					"x": 200,
					"y": 200,
					"z": 200
				},
				"isShadowed": false
			},
			{
				"instanceData": [
					{
						"translation": {
							"y": 4,
							"z": -15
						}
					},
					{
						"translation": {
							"x": -2,
							"y": 4,
							"z": -15
						}
					},
					{
						"translation": {
							"x": -4,
							"y": 4,
							"z": -15
						}
					},
					{
						"translation": {
							"y": 6,
							"z": -15
						}
					},
					{
						"translation": {
							"x": -2,
							"y": 6,
							"z": -15
						}
					},
					{
						"translation": {
							"x": -4,
							"y": 6,
							"z": -15
						}
					}
				],
				"objectName": "boxTex",
				"scale": {
					"x": 2,
					"y": 2,
					"z": 2
				},
				"mass": 0.1,
				"meshShape": "btBoxShape"
			}
		],
		"modelName": "UserMeshesModel"
	},
	"GoonSquad": {
		"elements": [
			{
				"instanceData": [
					{
						"translation": {
							"y": 2,
							"z": -5
						}
					}
				],
				"objectName": "Tank",
				"mass": 5.1,
				"meshShape": "convexHullShape",
				"isPickable": true
			},
			{
				"instanceData": [
					{
						"translation": {
							"x": -1,
							"y": 2,
							"z": -5
						}
					}
				],
				"objectName": "Tank",
				"mass": 5.1,
				"meshShape": "convexHullShape",
				"isPickable": true
			},
			{
				"instanceData": [
					{
						"translation": {
							"x": 1,
							"y": 2,
							"z": -5
						}
					}
				],
				"objectName": "Tank",
				"mass": 5.1,
				"meshShape": "convexHullShape",
				"isPickable": true
			}
		],
		"isCharacter": true
	},
	"Features": {
		"elements": [
			{
				"instanceData": [
					{
						"adaptr": {
							"class": "com.mygdx.game.features.ExitSensor",
							"activateOnState": "ROUND_COMPLETE_WAIT",
							"collisionProcessor": {
								"class": "com.mygdx.game.features.DebouncedCollisionProc"
							},
							"vT": {
								"x": -3,
								"y": 8,
								"z": -3
							},
							"vS": {
								"x": 0.75,
								"y": 0.75,
								"z": 0.75
							}
						}
					}
				],
				"objectName": "box",
				"featureName": "DroppingExitSensor"
			},
			{
				"instanceData": [
					{
						"translation": {
							"x": -10,
							"y": 4,
							"z": -21
						},
						"color": {
							"r": 1,
							"g": 1,
							"a": 0.4
						},
						"adaptr": {
							"class": "com.mygdx.game.features.OOBSensor",
							"impactType": "FATAL",
							"vS": {
								"x": 0.1
							}
						}
					}
				],
				"objectName": "sphere",
				"featureName": "OutOfBounds",
				"scale": {
					"x": 50,
					"y": 50,
					"z": 50
				}
			},
			{
				"instanceData": [
					{
						"translation": {
							"y": 10,
							"z": -5
						},
						"color": {
							"r": 1,
							"g": 0.64705884,
							"a": 0.5
						},
						"adaptr": {
							"class": "com.mygdx.game.features.MovingPlatform",
							"vT": {
								"y": 15
							}
						}
					}
				],
				"objectName": "box",
				"scale": {
					"x": 4,
					"y": 1,
					"z": 4
				},
				"meshShape": "btBoxShape",
				"isKinematic": true
			},
			{
				"instanceData": [
					{
						"translation": {
							"x": 10,
							"y": 10,
							"z": -5
						},
						"color": {
							"r": 0.627,
							"g": 0.125,
							"b": 0.941,
							"a": 0.9
						},
						"adaptr": {
							"class": "com.mygdx.game.features.MovingPlatform",
							"vT": {
								"x": 20,
								"y": 10,
								"z": -5
							}
						}
					}
				],
				"objectName": "box",
				"scale": {
					"x": 4,
					"y": 1,
					"z": 4
				},
				"meshShape": "btBoxShape",
				"isKinematic": true
			}
		]
	},
	"SceneObjects": {
		"elements": [
			{
				"objectName": "Crate*",
				"mass": 0.1,
				"meshShape": "btBoxShape"
			},
			{
				"objectName": "cube*",
				"meshShape": "btBoxShape"
			},
			{
				"objectName": "mushroom*",
				"meshShape": "convexHullShape",
				"isKinematic": true
			},
			{
				"objectName": "Wall*",
				"meshShape": "btBoxShape",
				"isKinematic": true
			},
			{
				"objectName": "Platform.*",
				"meshShape": "btBoxShape",
				"isKinematic": true
			},
			{
				"objectName": "Plane*",
				"meshShape": "triangleMeshShape",
				"isKinematic": true
			}
		],
		"modelName": "Scene"
	},
	"PrimitiveObjects": {
		"elements": [
			{
				"instanceData": [
					{
						"translation": {
							"x": -10,
							"y": 15,
							"z": -15
						}
					}
				],
				"objectName": "cone",
				"scale": {
					"x": 2,
					"y": 3,
					"z": 2
				},
				"mass": 5,
				"isPickable": true
			},
			{
				"instanceData": [
					{
						"translation": {
							"x": -10,
							"y": 15,
							"z": -15
						}
					}
				],
				"objectName": "capsule",
				"scale": {
					"x": 2,
					"y": 3,
					"z": 2
				},
				"mass": 5,
				"isPickable": true
			},
			{
				"instanceData": [
					{
						"translation": {
							"x": -10,
							"y": 15,
							"z": -15
						}
					}
				],
				"objectName": "cylinder",
				"scale": {
					"x": 2,
					"y": 3,
					"z": 2
				},
				"mass": 5,
				"isPickable": true
			},
			{
				"instanceData": [
					{
						"translation": {
							"x": -10,
							"y": 15,
							"z": -15
						}
					}
				],
				"objectName": "box",
				"scale": {
					"x": 2,
					"y": 3,
					"z": 2
				},
				"mass": 5,
				"isPickable": true
			},
			{
				"instanceData": [
					{
						"translation": {
							"x": -10,
							"y": 15,
							"z": -15
						}
					}
				],
				"objectName": "sphere",
				"scale": {
					"x": 3,
					"y": 3,
					"z": 3
				},
				"mass": 5,
				"isPickable": true
			}
		]
	},
	"UserModelPartsNodes": {
		"elements": [
			{
				"objectName": "skySphere",
				"iSWhatever": true
			},
			{
				"objectName": "boxTex"
			}
		]
	}
},
"modelInfo": {
	"boxTex": {
		"fileName": "data/crate.png"
	},
	"skySphere": {
		"fileName": "data/moonsky.png"
	},
	"StaticObjects": {
		"fileName": "data/cubetest.g3dj"
	},
	"UserMeshesModel": {
		"fileName": "DummyForModelReferecne"
	},
	"Tank": {
		"fileName": "tanks/panzerwagen.g3db"
	},
	"Scene": {
		"fileName": "data/scene.g3dj"
	}
}
}