{
"modelGroups": {
	"TextureObjects": {
		"elements": [
			{
				"objectName": "skySphere",
				"scale": {
					"x": 200,
					"y": 200,
					"z": 200
				},
				"isShadowed": false
			},
			{
				"objectName": "boxTex",
				"featureName": "PlayerIsPlatform",
				"scale": {
					"x": 4,
					"y": 0.2,
					"z": 4
				},
				"isPlayer": true
			}
		],
		"modelName": "UserMeshesModel"
	},
	"Characters": {
		"elements": [
			{
				"objectName": "truck"
			},
			{
				"objectName": "Jeep_Renegade_2016"
			},
			{
				"objectName": "guntruck"
			}
		],
		"isCharacter": true
	},
	"UserModelPartsNodes": {
		"elements": [
			{
				"objectName": "skySphere",
				"iSWhatever": true
			},
			{
				"objectName": "boxTex"
			}
		]
	}
},
"modelInfo": {
	"guntruck": {
		"fileName": "tanks/bradleygtank.g3db",
		"animAdapter": {
			"class": "com.mygdx.game.animations.RigAnimation",
			"strMdlNode": "Tank_01.radar"
		}
	},
	"boxTex": {
		"fileName": "data/crate.png"
	},
	"truck": {
		"fileName": "tanks/german-panzer-ww2-ausf-b.g3db",
		"animAdapter": {
			"class": "com.mygdx.game.animations.RigAnimation",
			"strMdlNode": "Tank_01.radar"
		}
	},
	"UserMeshesModel": {
		"fileName": "DummyForModelReference_derskySphereHere"
	},
	"Tank": {
		"fileName": "tanks/panzerwagen.g3db"
	},
	"Jeep_Renegade_2016": {
		"fileName": "tanks/lo_poly_tank_3dexport.g3db",
		"animAdapter": {
			"class": "com.mygdx.game.animations.RigAnimation",
			"strMdlNode": "Tank_01.radar"
		}
	}
}
}