{
"features": {
		"Player": {
			"userData": 80
		}
	},
"modelGroups": {
	"LocalPlayer": {
		"elements": [
			{
				"objectName": "LocalPlayerObjectName",
				"instanceData": [
					{
						"translation": {
							"x": 0,
							"y": 11,
							"z": -5
						}
					}
				]
			}
		]
	},
	"TextureObjects": {
		"elements": [
			{
				"objectName": "skySphere",
				"scale": {
					"x": 200,
					"y": 200,
					"z": 200
				},
				"isShadowed": false
			}
		],
		"modelName": "UserMeshesModel"
	},
	"UserModelStaticGroup": {
		"elements": [
			{
				"instanceData": [
					{
						"translation": {
							"y": -14
						}
					}
				],
				"objectName": "boxTex",
				"scale": {
					"x": 40,
					"y": 2,
					"z": 40
				},
				"meshShape": "btBoxShape"
			},
			{
				"instanceData": [
					{
						"translation": {
							"x": 10,
							"y": -5
						}
					}
				],
				"objectName": "sphereTex",
				"scale": {
					"x": 6,
					"y": 6,
					"z": 6
				},
				"meshShape": "btSphereShape"
			}
		],
		"modelName": "UserMeshesModel",
		"isKinematic": true
	},
	"Goons": {
		"elements": [
			{
				"instanceData": [
					{
						"translation": {
							"x": 1,
							"y": 11,
							"z": -5
						}
					}
				],
				"objectName": "Tank",
				"mass": 5.1,
				"meshShape": "convexHullShape",
				"isPickable": true
			},
			{
				"instanceData": [
					{
						"translation": {
							"x": 1,
							"y": 53,
							"z": -5
						}
					},
					{
						"translation": {
							"x": 2,
							"y": 53,
							"z": -5
						}
					},
					{
						"translation": {
							"x": 3,
							"y": 51,
							"z": -5
						}
					}
				],
				"objectName": "ship",
				"mass": 5.1,
				"meshShape": "convexHullShape"
			}
		],
		"isCharacter": true
	},
	"Features": {
		"elements": [
			{
				"instanceData": [
					{
						"adaptr": {
							"class": "com.mygdx.game.features.ExitSensor",
							"activateOnState": "ROUND_COMPLETE_WAIT",
							"collisionProcessor": {
								"class": "com.mygdx.game.features.DebouncedCollisionProc"
							},
							"vT": {
								"x": -2,
								"y": 8,
								"z": 0
							},
							"vS": {
								"x": 0.75,
								"y": 0.75,
								"z": 0.75
							}
						}
					}
				],
				"objectName": "box",
				"featureName": "DroppingExitSensor"
			},
			{
				"instanceData": [
					{
						"translation": {
							"y": 10,
							"z": -5
						},
						"color": {
							"r": 1,
							"g": 0.64705884,
							"a": 0.5
						},
						"adaptr": {
							"class": "com.mygdx.game.features.MovingPlatform",
							"vT": {
								"y": 15
							}
						}
					}
				],
				"objectName": "box",
				"scale": {
					"x": 4,
					"y": 1,
					"z": 4
				},
				"meshShape": "btBoxShape",
				"isKinematic": true
			},
			{
				"instanceData": [
					{
						"translation": {
							"x": 10,
							"y": 10,
							"z": -5
						},
						"color": {
							"r": 0.627,
							"g": 0.125,
							"b": 0.941,
							"a": 0.9
						},
						"adaptr": {
							"class": "com.mygdx.game.features.MovingPlatform",
							"vT": {
								"x": 20,
								"y": 10,
								"z": -5
							}
						}
					}
				],
				"objectName": "box",
				"scale": {
					"x": 4,
					"y": 1,
					"z": 4
				},
				"meshShape": "btBoxShape",
				"isKinematic": true
			}
		]
	},
	"UserModelPartsNodes": {
		"elements": [
			{
				"objectName": "skySphere",
				"iSWhatever": true
			},
			{
				"objectName": "sphereTex"
			},
			{
				"objectName": "boxTex"
			}
		]
	},
	"TempSceneMesh": {
		"elements": [
			{
				"instanceData": [
					{
						"rotation": {
							"x": 0.17364818,
							"w": 0.9848077
						},
						"translation": {
							"y": -10
						}
					}
				],
				"objectName": "landscape",
				"meshShape": "triangleMeshShape",
				"isKinematic": true
			}
		],
		"modelName": "landscape"
	}
},
"modelInfo": {
	"sphereTex": {
		"fileName": "data/day.png"
	},
	"boxTex": {
		"fileName": "data/crate.png"
	},
	"skySphere": {
		"fileName": "data/cloudsky.png"
	},
	"ship": {
		"fileName": "tanks/ship.g3db"
	},
	"UserMeshesModel": {
		"fileName": "DummyForModelReferecne"
	},
	"Tank": {
		"fileName": "tanks/panzerwagen.g3db"
	},
	"landscape": {
		"fileName": "data/landscape.g3db"
	}
}
}