{
"modelGroups": {
	"UserMeshezMdlGrupe": {
		"elements": [
			{
				"objectName": "skySphere",
				"scale": {
					"x": 200,
					"y": 200,
					"z": 200
				},
				"isShadowed": false
			},
			{
				"instanceData": [
					{
						"translation": {
							"x": 6,
							"y": 22,
							"z": 10
						},
						"color": {
							"r": 0.4,
							"g": 0.9,
							"b": 0.7,
							"a": 1
						},
						"adaptr": {
							"class": "com.mygdx.game.features.BadActor",
							"bounty": 1100,
							"impactType": "DAMAGING",
							"vS": {
								"x": 0.5
							}
                        }
					}
				],
				"objectName": "sphereCharacter",
				"scale": {
					"x": 1,
					"y": 1,
					"z": 1
				},
				"mass": 5.1,
				"meshShape": "btSphereShape",
				"isPickable": true,
				"isCharacter": true
			},
			{
				"instanceData": [
					{
						"translation": {
							"x": -12,
							"y": 6,
							"z": -10
						}
					},
					{
						"translation": {
							"x": -12,
							"y": 9,
							"z": -10
						}
					},
					{
						"translation": {
							"x": -12,
							"y": 12,
							"z": -10
						}
					},
					{
						"translation": {
							"x": -12,
							"y": 15,
							"z": -10
						}
					}
				],
				"objectName": "boxTex",
				"scale": {
					"x": 2,
					"y": 2,
					"z": 2
				},
				"mass": 1,
				"meshShape": "btBoxShape"
			}
		],
		"modelName": "UserMeshesModel"
	},
	"InstancedModelMeshes": {
		"elements": [
			{
				"instanceData": [
					{
						"translation": {
							"x": -16,
							"y": 20,
							"z": 5
						}
					},
					{
						"translation": {
							"x": -16,
							"y": 12,
							"z": 5
						}
					}
				],
				"objectName": "Crate.001",
				"mass": 0.1,
				"meshShape": "btBoxShape"
			}
		],
		"modelName": "StaticObjects"
	},
	"LocalPlayer": {
		"elements": [
			{
				"instanceData": [
					{
						"translation": {
							"x": 7,
							"y": 5.5,
							"z": -8
						}
					}
				],
				"objectName": "LocalPlayerObjectName"
			}
		]
	},
	"SceneStaticObjects": {
		"elements": [
			{
				"objectName": "Plane*",
				"meshShape": "triangleMeshShape",
				"isKinematic": true
			},
			{
				"objectName": "Cube*"
			},
			{
				"instanceData": [
					{
						"adaptr": {
							"class": "com.mygdx.game.features.ExitSensor",
							"activateOnState": "ROUND_COMPLETE_WAIT",
							"vS": {
								"x": 1.5
							}
						}
					}
				],
				"objectName": "Exit",
				"featureName": "LocatedFromSceneModel"
			}
		],
		"modelName": "Scene"
	},
	"PrimitivesMisc": {
		"elements": [
			{
				"instanceData": [
					{
						"translation": {
							"x": -4,
							"y": 30,
							"z": -10
						},
						"color": {
							"r": 1,
							"a": 0.6
						},
						"adaptr": {
							"class": "com.mygdx.game.features.KillThing",
							"impactType": "DAMAGING",
							"collisionProcessor": {
								"class": "com.mygdx.game.features.DebouncedCollisionProc"
							},
							"vS": {
								"x": 0.75
							}
						}
					}
				],
				"objectName": "box",
				"featureName": "MineBombThng",
				"scale": {
					"x": 0.5,
					"y": 0.5,
					"z": 0.5
				},
				"mass": 0.1,
				"meshShape": "btBoxShape"
			},
			{
				"instanceData": [
					{
						"translation": {
							"x": 2,
							"y": 10,
							"z": 5
						},
						"color": {
							"g": 1,
							"a": 0.9
						},
						"adaptr": {
							"class": "com.mygdx.game.features.ExitSensor",
							"activateOnState": "ROUND_COMPLETE_WAIT",
							"vS": {
								"x": 1
							}
						}
					}
				],
				"objectName": "box",
				"featureName": "ExitGreenBoxExitSensor",
				"scale": {
					"x": 0.5,
					"y": 0.5,
					"z": 0.5
				},
				"mass": 5.1,
				"meshShape": "btBoxShape"
			},
			{
				"instanceData": [
					{
						"translation": {
							"x": 2,
							"y": 5,
							"z": -5
						},
						"color": {
							"r": 0.471,
							"g": 0.318,
							"b": 0.663,
							"a": 0.9
						},
						"adaptr": {
							"class": "com.mygdx.game.features.Crapium",
							"impactType": "ACQUIRE",
							"vS": {
								"x": 0.5
							}
						}
					},
					{
						"translation": {
							"x": 4,
							"y": 5,
							"z": 10
						},
						"color": {
							"r": 0.471,
							"g": 0.318,
							"b": 0.663,
							"a": 0.9
						},
						"adaptr": {
							"class": "com.mygdx.game.features.Crapium",
							"impactType": "ACQUIRE",
							"vS": {
								"x": 0.5
							}
						}
					}
				],
				"objectName": "box",
				"featureName": "Crapium1",
				"scale": {
					"x": 0.95,
					"y": 0.95,
					"z": 0.95
				}
			},
			{
				"instanceData": [
					{
						"rotation": {
							"y": -0.7071067,
							"w": 0.7071067
						},
						"translation": {
							"x": -16,
							"y": 5,
							"z": -12
						},
						"color": {
							"g": 1,
							"b": 1,
							"a": 0.9
						},
						"adaptr": {
							"class": "com.mygdx.game.features.ShootamaThing",
							"bounty": 800,
							"vR": {
								"x": 8
							},
							"vS": {
								"x": 1.4
							}
						}
					}
				],
				"objectName": "box",
				"featureName": "OhNo",
				"scale": {
					"x": 1,
					"y": 0.5,
					"z": 1.5
				},
				"meshShape": "btBoxShape",
				"isKinematic": true,
				"isPickable": true
			},
			{
				"instanceData": [
					{
						"rotation": {
							"y": 0.7071067,
							"w": 0.7071067
						},
						"translation": {
							"x": 11,
							"y": 5,
							"z": 15
						},
						"color": {
							"g": 1,
							"b": 1,
							"a": 0.9
						},
						"adaptr": {
							"class": "com.mygdx.game.features.ShootamaThing",
							"bounty": 900,
							"vR": {
								"x": 8
							},
							"vS": {
								"x": 1
							}
						}
					}
				],
				"objectName": "box",
				"featureName": "OhNo",
				"scale": {
					"x": 1,
					"y": 0.5,
					"z": 1.5
				},
				"meshShape": "btBoxShape",
				"isKinematic": true,
				"isPickable": true
			},
			{
				"instanceData": [
					{
						"rotation": {
							"y": -0.7071067,
							"w": 0.7071067
						},
						"translation": {
							"x": -16,
							"y": 5,
							"z": 14
						},
						"color": {
							"g": 1,
							"b": 1,
							"a": 0.9
						},
						"adaptr": {
							"class": "com.mygdx.game.features.ElectricEye",
							"bounty": 500,
							"impactType": "DAMAGING",
							"vR": {
								"x": 6
							},
							"vS": {
								"x": 2
							}
						}
					}
				],
				"objectName": "box",
				"featureName": "InTheSky",
				"scale": {
					"x": 1,
					"y": 0.5,
					"z": 1.5
				},
				"meshShape": "btBoxShape",
				"isKinematic": true,
				"isPickable": true
			},
			{
				"instanceData": [
					{
						"translation": {
							"x": -2,
							"y": 8
						},
						"color": {
							"r": 0.2,
							"g": 0.2,
							"b": 0.2,
							"a": 0.4
						},
						"adaptr": {
							"class": "com.mygdx.game.features.OOBSensor",
							"impactType": "FATAL",
							"vS": {
								"x": 0.1
							}
						}
					}
				],
				"objectName": "sphere",
				"featureName": "OutOfBounds_sphere",
				"scale": {
					"x": 25,
					"y": 25,
					"z": 25
				}
			}
		]
	},
	"UserModelPartsNodes": {
		"elements": [
			{
				"objectName": "skySphere",
				"iSWhatever": true
			},
			{
				"objectName": "boxTex"
			},
			{
				"objectName": "sphereCharacter"
			}
		]
	}
},
"modelInfo": {
	"boxTex": {
		"fileName": "data/crate.png"
	},
	"skySphere": {
		"fileName": "data/redsky.png"
	},
	"sphereCharacter": {
		"fileName": "data/badlogic.png"
	},
	"StaticObjects": {
		"fileName": "data/cubetest.g3dj"
	},
	"UserMeshesModel": {
		"fileName": "DummyForModelReferecne"
	},
	"Tank": {
		"fileName": "tanks/panzerwagen.g3db"
	},
	"Scene": {
		"fileName": "data/vr_zone.g3db"
	}
}
}
