{
"modelGroups": {
	"LocalPlayer": {
		"elements": [
			{
				"objectName": "LocalPlayerObjectName",
				"instanceData": [
					{
						"translation": {
							"x": 0,
							"y": 11,
							"z": -5
						}
					}
				]
			}
		]
	},
	"UserModelGroup": {
		"elements": [
			{
				"objectName": "skySphere",
				"scale": {
					"x": 200,
					"y": 200,
					"z": 200
				},
				"isShadowed": false
			}
		],
		"modelName": "UserMeshesModel"
	},
	"Features": {
		"elements": [
			{
				"instanceData": [
					{
						"translation": {
							"y": 10,
							"z": -5
						},
						"color": {
							"r": 1,
							"g": 0.64705884,
							"a": 0.5
						},
						"adaptr": {
							"class": "com.mygdx.game.features.MovingPlatform",
							"vT": {
								"y": 15
							}
						}
					}
				],
				"objectName": "box",
				"scale": {
					"x": 4,
					"y": 1,
					"z": 4
				},
				"meshShape": "btBoxShape",
				"isKinematic": true
			},
			{
				"instanceData": [
					{
						"translation": {
							"x": 10,
							"y": 10,
							"z": -5
						},
						"color": {
							"r": 0.627,
							"g": 0.125,
							"b": 0.941,
							"a": 0.9
						},
						"adaptr": {
							"class": "com.mygdx.game.features.MovingPlatform",
							"vT": {
								"x": 20,
								"y": 10,
								"z": -5
							}
						}
					}
				],
				"objectName": "box",
				"scale": {
					"x": 4,
					"y": 1,
					"z": 4
				},
				"meshShape": "btBoxShape",
				"isKinematic": true
			}
		]
	},
	"SceneObjects": {
		"elements": [
			{
				"objectName": "Crate*",
				"mass": 0.1,
				"meshShape": "btBoxShape"
			},
			{
				"objectName": "cube*",
				"meshShape": "btBoxShape"
			},
			{
				"objectName": "mushroom*",
				"meshShape": "convexHullShape",
				"isKinematic": true
			},
			{
				"objectName": "Wall*",
				"meshShape": "btBoxShape",
				"isKinematic": true
			},
			{
				"objectName": "Platform.*",
				"meshShape": "btBoxShape",
				"isKinematic": true
			},
			{
				"objectName": "Plane*",
				"meshShape": "triangleMeshShape",
				"isKinematic": true
			}
		],
		"modelName": "Scene"
	},
	"UserModelPartsNodes": {
		"elements": [
			{
				"objectName": "skySphere",
				"iSWhatever": true
			},
			{
				"objectName": "boxTex"
			}
		]
	}
},
"modelInfo": {
	"boxTex": {
		"fileName": "data/crate.png"
	},
	"skySphere": {
		"fileName": "data/moonsky.png"
	},
	"StaticObjects": {
		"fileName": "data/cubetest.g3dj"
	},
	"UserMeshesModel": {
		"fileName": "DummyForModelReferecne"
	},
	"Tank": {
		"fileName": "tanks/panzerwagen.g3db"
	},
	"Scene": {
		"fileName": "data/scene.g3dj"
	}
}
}